model,setting,accuracy,precision,recall,f1
DecisionTree,max_depth=3,0.9385964912280702,0.9452054794520548,0.9583333333333334,0.9517241379310345
KNN,n_neighbors=3,0.9824561403508771,0.972972972972973,1.0,0.9863013698630136
RandomForest,n_estimators=100|max_depth=None|min_samples_split=2,0.956140350877193,0.958904109589041,0.9722222222222222,0.9655172413793104
